London UK,7,1200
Phuket Thailand,5,800
Bali Indonesia,7,1000
New York USA,14,2000
Tokyo Japan,7,700
Paris France,5,1500
Sydney Australia,10,500
Rio de Janeiro Brazil,7,900
Amsterdam Netherlands,7,1200
Dubai United Arab Emirates,7,2500
Cancun Mexico,7,1000
Barcelona Spain,7,800
Honolulu Hawaii,8,3000
Berlin Germany,9,1400
Marrakech Morocco,7,600
Edinburgh Scotland,7,900
Paris,9,900
Bali,10,1500
London,6,1200
Tokyo,10,1200
New York,5,600
Sydney,7,1000
Rome,7,700
Bangkok,8,400
Paris,6,1400
Hawaii,9,2000
Barcelona,8,1100
Japan,8,800
Thailand,7,200
France,9,600
Australia,13,1000
Brazil,9,150
Greece,8,400
Egypt,7,700
Mexico,10,500
Italy,6,180
Spain,8,900
Canada,7,350
Paris France,7,1400
Sydney Australia,7,800
Tokyo Japan,8,500
Cancun Mexico,7,2200
Rio de Janeiro Brazil,7,1200
London UK,7,900
Barcelona Spain,7,600
New York City USA,7,1500
Bangkok Thailand,6,500
Vancouver Canada,7,400
Amsterdam Netherlands,8,1100
Paris France,7,1200
Tokyo Japan,10,500
Sydney AUS,7,900
New York USA,7,1400
Rio de Janeiro Brazil,9,800
Bangkok Thailand,8,400
London UK,8,1000
Barcelona Spain,8,700
Seoul South Korea,8,500
Los Angeles USA,7,1200
Rome Italy,8,800
Paris,6,1200
Tokyo,7,400
Cape Town,9,800
Sydney,6,1500
Barcelona,7,900
Bali,7,2200
Paris,6,1100
New York,6,1000
Bangkok,8,300
Rome,6,1300
Bali,8,1800
Bali Indonesia,7,500
Tokyo Japan,8,1000
Cancun Mexico,7,800
Paris France,7,1200
Cape Town SA,9,400
Bali Indonesia,7,600
Sydney Aus,7,900
Bangkok Thai,7,400
New York USA,7,1500
Phuket Thai,7,700
Rome Italy,7,100
Paris,6,800
Tokyo,10,500
Bali,11,1200
Sydney,9,900
New York,6,700
London,11,300
Dubai,8,1000
Bangkok,7,400
Rome,11,200
Bali,11,1500
Seoul,10,800
Paris,5,500
Tokyo,9,400
Sydney,9,200
London,5,600
New York,6,800
Rome,7,700
Bangkok,8,300
Cape Town,8,500
Rio de Janeiro,7,900
Bali,6,1200
Amsterdam,7,600
Paris,5,1000
Tokyo,9,800
New York,5,1200
Bali,8,1500
Sydney,9,300
London,5,900
Phuket,7,2000
Rome,7,1100
Santorini,7,1000
Dubai,5,1500
Phnom Penh,5,200
Tokyo Japan,9,1000
Paris France,7,1200
Sydney Aus,11,800
Rome Italy,7,900
Bali Indonesia,10,500
Cancun Mexico,8,1300
Athens Greece,10,700
Tokyo Japan,8,1200
Sydney Aus,10,900
Paris France,8,400
Bali Indonesia,8,800
Paris France,6,5000
Tokyo Japan,7,7000
Cape Town South Africa,9,3000
Sydney Australia,6,6000
Rome Italy,7,4000
New York City USA,7,8000
Rio de Janeiro Brazil,9,2500
Vancouver Canada,6,5000
Bangkok Thailand,7,2000
Barcelona Spain,7,6000
Auckland New Zealand,7,7000
